<?xml version="1.0" encoding="UTF-8"?>
<GenRun Id="impl_1" LaunchPart="xc7z020clg400-1" LaunchTime="1509013248">
  <File Type="ROUTE-PWR-RPX" Name="ps_clock_wrapper_power_routed.rpx"/>
  <File Type="PA-TCL" Name="ps_clock_wrapper.tcl"/>
  <File Type="INIT-TIMING" Name="ps_clock_wrapper_timing_summary_init.rpt"/>
  <File Type="OPT-METHODOLOGY-DRC" Name="ps_clock_wrapper_methodology_drc_opted.rpt"/>
  <File Type="PWROPT-DRC" Name="ps_clock_wrapper_drc_pwropted.rpt"/>
  <File Type="RDI-RDI" Name="ps_clock_wrapper.vdi"/>
  <File Type="OPT-DCP" Name="ps_clock_wrapper_opt.dcp"/>
  <File Type="OPT-HWDEF" Name="ps_clock_wrapper.hwdef"/>
  <File Type="OPT-DRC" Name="ps_clock_wrapper_drc_opted.rpt"/>
  <File Type="OPT-TIMING" Name="ps_clock_wrapper_timing_summary_opted.rpt"/>
  <File Type="PWROPT-DCP" Name="ps_clock_wrapper_pwropt.dcp"/>
  <File Type="PWROPT-TIMING" Name="ps_clock_wrapper_timing_summary_pwropted.rpt"/>
  <File Type="PLACE-DCP" Name="ps_clock_wrapper_placed.dcp"/>
  <File Type="PLACE-IO" Name="ps_clock_wrapper_io_placed.rpt"/>
  <File Type="PLACE-CLK" Name="ps_clock_wrapper_clock_utilization_placed.rpt"/>
  <File Type="PLACE-UTIL" Name="ps_clock_wrapper_utilization_placed.rpt"/>
  <File Type="PLACE-UTIL-PB" Name="ps_clock_wrapper_utilization_placed.pb"/>
  <File Type="PLACE-CTRL" Name="ps_clock_wrapper_control_sets_placed.rpt"/>
  <File Type="PLACE-SIMILARITY" Name="ps_clock_wrapper_incremental_reuse_placed.rpt"/>
  <File Type="PLACE-PRE-SIMILARITY" Name="ps_clock_wrapper_incremental_reuse_pre_placed.rpt"/>
  <File Type="PLACE-TIMING" Name="ps_clock_wrapper_timing_summary_placed.rpt"/>
  <File Type="POSTPLACE-PWROPT-DCP" Name="ps_clock_wrapper_postplace_pwropt.dcp"/>
  <File Type="POSTPLACE-PWROPT-TIMING" Name="ps_clock_wrapper_timing_summary_postplace_pwropted.rpt"/>
  <File Type="PHYSOPT-DCP" Name="ps_clock_wrapper_physopt.dcp"/>
  <File Type="PHYSOPT-DRC" Name="ps_clock_wrapper_drc_physopted.rpt"/>
  <File Type="PHYSOPT-TIMING" Name="ps_clock_wrapper_timing_summary_physopted.rpt"/>
  <File Type="ROUTE-ERROR-DCP" Name="ps_clock_wrapper_routed_error.dcp"/>
  <File Type="ROUTE-DCP" Name="ps_clock_wrapper_routed.dcp"/>
  <File Type="ROUTE-BLACKBOX-DCP" Name="ps_clock_wrapper_routed_bb.dcp"/>
  <File Type="ROUTE-DRC" Name="ps_clock_wrapper_drc_routed.rpt"/>
  <File Type="ROUTE-DRC-PB" Name="ps_clock_wrapper_drc_routed.pb"/>
  <File Type="ROUTE-DRC-RPX" Name="ps_clock_wrapper_drc_routed.rpx"/>
  <File Type="BG-BIN" Name="ps_clock_wrapper.bin"/>
  <File Type="ROUTE-METHODOLOGY-DRC" Name="ps_clock_wrapper_methodology_drc_routed.rpt"/>
  <File Type="BG-DRC" Name="ps_clock_wrapper.drc"/>
  <File Type="ROUTE-METHODOLOGY-DRC-RPX" Name="ps_clock_wrapper_methodology_drc_routed.rpx"/>
  <File Type="BITSTR-MSK" Name="ps_clock_wrapper.msk"/>
  <File Type="ROUTE-METHODOLOGY-DRC-PB" Name="ps_clock_wrapper_methodology_drc_routed.pb"/>
  <File Type="BG-BGN" Name="ps_clock_wrapper.bgn"/>
  <File Type="ROUTE-PWR" Name="ps_clock_wrapper_power_routed.rpt"/>
  <File Type="ROUTE-PWR-SUM" Name="ps_clock_wrapper_power_summary_routed.pb"/>
  <File Type="ROUTE-STATUS" Name="ps_clock_wrapper_route_status.rpt"/>
  <File Type="ROUTE-STATUS-PB" Name="ps_clock_wrapper_route_status.pb"/>
  <File Type="ROUTE-TIMINGSUMMARY" Name="ps_clock_wrapper_timing_summary_routed.rpt"/>
  <File Type="ROUTE-TIMING-PB" Name="ps_clock_wrapper_timing_summary_routed.pb"/>
  <File Type="ROUTE-TIMING-RPX" Name="ps_clock_wrapper_timing_summary_routed.rpx"/>
  <File Type="ROUTE-SIMILARITY" Name="ps_clock_wrapper_incremental_reuse_routed.rpt"/>
  <File Type="ROUTE-CLK" Name="ps_clock_wrapper_clock_utilization_routed.rpt"/>
  <File Type="POSTROUTE-PHYSOPT-DCP" Name="ps_clock_wrapper_postroute_physopt.dcp"/>
  <File Type="POSTROUTE-PHYSOPT-BLACKBOX-DCP" Name="ps_clock_wrapper_postroute_physopt_bb.dcp"/>
  <File Type="POSTROUTE-PHYSOPT-TIMING" Name="ps_clock_wrapper_timing_summary_postroute_physopted.rpt"/>
  <File Type="POSTROUTE-PHYSOPT-TIMING-PB" Name="ps_clock_wrapper_timing_summary_postroute_physopted.pb"/>
  <File Type="POSTROUTE-PHYSOPT-TIMING-RPX" Name="ps_clock_wrapper_timing_summary_postroute_physopted.rpx"/>
  <File Type="BG-BIT" Name="ps_clock_wrapper.bit"/>
  <File Type="BITSTR-RBT" Name="ps_clock_wrapper.rbt"/>
  <File Type="BITSTR-NKY" Name="ps_clock_wrapper.nky"/>
  <File Type="BITSTR-BMM" Name="ps_clock_wrapper_bd.bmm"/>
  <File Type="BITSTR-MMI" Name="ps_clock_wrapper.mmi"/>
  <File Type="BITSTR-SYSDEF" Name="ps_clock_wrapper.sysdef"/>
  <File Type="WBT-USG" Name="usage_statistics_webtalk.html"/>
  <FileSet Name="sources" Type="DesignSrcs" RelSrcDir="$PSRCDIR/sources_1">
    <Filter Type="Srcs"/>
    <File Path="$PSRCDIR/sources_1/new/hdmi_out.vhd">
      <FileInfo>
        <Attr Name="ImportPath" Val="$PPRDIR/../../../../../../../../Documents/Z-Turn/project_hdmi_SSI9022A/project_hdmi_SSI9022A.srcs/sources_1/new/hdmi_out.vhd"/>
        <Attr Name="ImportTime" Val="1509013133"/>
        <Attr Name="UsedIn" Val="synthesis"/>
        <Attr Name="UsedIn" Val="simulation"/>
      </FileInfo>
    </File>
    <File Path="$PSRCDIR/sources_1/bd/ps_clock/ps_clock.bd">
      <FileInfo>
        <Attr Name="ImportPath" Val="$PPRDIR/../../../../../../../../Documents/Z-Turn/project_hdmi_SSI9022A/project_hdmi_SSI9022A.srcs/sources_1/bd/ps_clock/ps_clock.bd"/>
        <Attr Name="ImportTime" Val="1509013244"/>
        <Attr Name="UsedIn" Val="synthesis"/>
        <Attr Name="UsedIn" Val="implementation"/>
        <Attr Name="UsedIn" Val="simulation"/>
      </FileInfo>
    </File>
    <File Path="$PSRCDIR/sources_1/bd/ps_clock/hdl/ps_clock_wrapper.vhd">
      <FileInfo>
        <Attr Name="ImportPath" Val="$PPRDIR/../../../../../../../../Documents/Z-Turn/project_hdmi_SSI9022A/project_hdmi_SSI9022A.srcs/sources_1/bd/ps_clock/hdl/ps_clock_wrapper.vhd"/>
        <Attr Name="ImportTime" Val="1509013244"/>
        <Attr Name="UsedIn" Val="synthesis"/>
        <Attr Name="UsedIn" Val="simulation"/>
      </FileInfo>
    </File>
    <Config>
      <Option Name="DesignMode" Val="RTL"/>
      <Option Name="TopModule" Val="ps_clock_wrapper"/>
      <Option Name="TopAutoSet" Val="TRUE"/>
    </Config>
  </FileSet>
  <FileSet Name="constrs_in" Type="Constrs" RelSrcDir="$PSRCDIR/constrs_1">
    <Filter Type="Constrs"/>
    <File Path="$PSRCDIR/constrs_1/new/hdmi.xdc">
      <FileInfo>
        <Attr Name="ImportPath" Val="$PPRDIR/../../../../../../../../Documents/Z-Turn/project_hdmi_SSI9022A/project_hdmi_SSI9022A.srcs/constrs_1/new/hdmi.xdc"/>
        <Attr Name="ImportTime" Val="1508972059"/>
        <Attr Name="UsedIn" Val="synthesis"/>
        <Attr Name="UsedIn" Val="implementation"/>
      </FileInfo>
    </File>
    <Config>
      <Option Name="TargetConstrsFile" Val="$PSRCDIR/constrs_1/new/hdmi.xdc"/>
      <Option Name="ConstrsType" Val="XDC"/>
    </Config>
  </FileSet>
  <Strategy Version="1" Minor="2">
    <StratHandle Name="Vivado Implementation Defaults" Flow="Vivado Implementation 2016"/>
    <Step Id="init_design"/>
    <Step Id="opt_design"/>
    <Step Id="power_opt_design"/>
    <Step Id="place_design"/>
    <Step Id="post_place_power_opt_design"/>
    <Step Id="phys_opt_design"/>
    <Step Id="route_design"/>
    <Step Id="post_route_phys_opt_design"/>
    <Step Id="write_bitstream"/>
  </Strategy>
  <BlockFileSet Type="BlockSrcs" Name="ps_clock_hdmi_out_0_0"/>
</GenRun>
