<?xml version="1.0" encoding="UTF-8"?>
<GenRun Id="synth_1" LaunchPart="xc7z020clg400-1" LaunchTime="1509013248">
  <File Type="PA-TCL" Name="ps_clock_wrapper.tcl"/>
  <File Type="RDS-PROPCONSTRS" Name="ps_clock_wrapper_drc_synth.rpt"/>
  <File Type="RDS-RDS" Name="ps_clock_wrapper.vds"/>
  <File Type="RDS-UTIL" Name="ps_clock_wrapper_utilization_synth.rpt"/>
  <File Type="RDS-UTIL-PB" Name="ps_clock_wrapper_utilization_synth.pb"/>
  <File Type="RDS-DCP" Name="ps_clock_wrapper.dcp"/>
  <File Type="VDS-TIMINGSUMMARY" Name="ps_clock_wrapper_timing_summary_synth.rpt"/>
  <File Type="VDS-TIMING-PB" Name="ps_clock_wrapper_timing_summary_synth.pb"/>
  <FileSet Name="sources" Type="DesignSrcs" RelSrcDir="$PSRCDIR/sources_1">
    <Filter Type="Srcs"/>
    <File Path="$PSRCDIR/sources_1/new/hdmi_out.vhd">
      <FileInfo>
        <Attr Name="ImportPath" Val="$PPRDIR/../../../../../../../../Documents/Z-Turn/project_hdmi_SSI9022A/project_hdmi_SSI9022A.srcs/sources_1/new/hdmi_out.vhd"/>
        <Attr Name="ImportTime" Val="1509013133"/>
        <Attr Name="UsedIn" Val="synthesis"/>
        <Attr Name="UsedIn" Val="simulation"/>
      </FileInfo>
    </File>
    <File Path="$PSRCDIR/sources_1/bd/ps_clock/ps_clock.bd">
      <FileInfo>
        <Attr Name="ImportPath" Val="$PPRDIR/../../../../../../../../Documents/Z-Turn/project_hdmi_SSI9022A/project_hdmi_SSI9022A.srcs/sources_1/bd/ps_clock/ps_clock.bd"/>
        <Attr Name="ImportTime" Val="1509013244"/>
        <Attr Name="UsedIn" Val="synthesis"/>
        <Attr Name="UsedIn" Val="implementation"/>
        <Attr Name="UsedIn" Val="simulation"/>
      </FileInfo>
    </File>
    <File Path="$PSRCDIR/sources_1/bd/ps_clock/hdl/ps_clock_wrapper.vhd">
      <FileInfo>
        <Attr Name="ImportPath" Val="$PPRDIR/../../../../../../../../Documents/Z-Turn/project_hdmi_SSI9022A/project_hdmi_SSI9022A.srcs/sources_1/bd/ps_clock/hdl/ps_clock_wrapper.vhd"/>
        <Attr Name="ImportTime" Val="1509013244"/>
        <Attr Name="UsedIn" Val="synthesis"/>
        <Attr Name="UsedIn" Val="simulation"/>
      </FileInfo>
    </File>
    <Config>
      <Option Name="DesignMode" Val="RTL"/>
      <Option Name="TopModule" Val="ps_clock_wrapper"/>
      <Option Name="TopAutoSet" Val="TRUE"/>
    </Config>
  </FileSet>
  <FileSet Name="constrs_in" Type="Constrs" RelSrcDir="$PSRCDIR/constrs_1">
    <Filter Type="Constrs"/>
    <File Path="$PSRCDIR/constrs_1/new/hdmi.xdc">
      <FileInfo>
        <Attr Name="ImportPath" Val="$PPRDIR/../../../../../../../../Documents/Z-Turn/project_hdmi_SSI9022A/project_hdmi_SSI9022A.srcs/constrs_1/new/hdmi.xdc"/>
        <Attr Name="ImportTime" Val="1508972059"/>
        <Attr Name="UsedIn" Val="synthesis"/>
        <Attr Name="UsedIn" Val="implementation"/>
      </FileInfo>
    </File>
    <Config>
      <Option Name="TargetConstrsFile" Val="$PSRCDIR/constrs_1/new/hdmi.xdc"/>
      <Option Name="ConstrsType" Val="XDC"/>
    </Config>
  </FileSet>
  <Strategy Version="1" Minor="2">
    <StratHandle Name="Vivado Synthesis Defaults" Flow="Vivado Synthesis 2016"/>
    <Step Id="synth_design"/>
  </Strategy>
  <BlockFileSet Type="BlockSrcs" Name="ps_clock_hdmi_out_0_0"/>
</GenRun>
