<?xml version="1.0" encoding="UTF-8"?>
<GenRun Id="ps_clock_hdmi_out_0_0_synth_1" LaunchPart="xc7z020clg400-1" LaunchTime="1509013248">
  <File Type="PA-TCL" Name="ps_clock_hdmi_out_0_0.tcl"/>
  <File Type="RDS-PROPCONSTRS" Name="ps_clock_hdmi_out_0_0_drc_synth.rpt"/>
  <File Type="RDS-RDS" Name="ps_clock_hdmi_out_0_0.vds"/>
  <File Type="RDS-UTIL" Name="ps_clock_hdmi_out_0_0_utilization_synth.rpt"/>
  <File Type="RDS-UTIL-PB" Name="ps_clock_hdmi_out_0_0_utilization_synth.pb"/>
  <File Type="RDS-DCP" Name="ps_clock_hdmi_out_0_0.dcp"/>
  <File Type="VDS-TIMINGSUMMARY" Name="ps_clock_hdmi_out_0_0_timing_summary_synth.rpt"/>
  <File Type="VDS-TIMING-PB" Name="ps_clock_hdmi_out_0_0_timing_summary_synth.pb"/>
  <FileSet Name="sources" Type="BlockSrcs" RelSrcDir="$PSRCDIR/ps_clock_hdmi_out_0_0">
    <File Path="$PSRCDIR/sources_1/bd/ps_clock/ip/ps_clock_hdmi_out_0_0/ps_clock_hdmi_out_0_0.xci">
      <FileInfo>
        <Attr Name="Library" Val="xil_defaultlib"/>
        <Attr Name="ImportPath" Val="$PPRDIR/../../../../../../../../Documents/Z-Turn/project_hdmi_SSI9022A/project_hdmi_SSI9022A.srcs/sources_1/bd/ps_clock/ip/ps_clock_hdmi_out_0_0/ps_clock_hdmi_out_0_0.xci"/>
        <Attr Name="ImportTime" Val="1509013244"/>
        <Attr Name="UsedIn" Val="synthesis"/>
        <Attr Name="UsedIn" Val="implementation"/>
        <Attr Name="UsedIn" Val="simulation"/>
        <Attr Name="ProcessingOrder" Val="EARLY"/>
      </FileInfo>
    </File>
    <Config>
      <Option Name="TopModule" Val="ps_clock_hdmi_out_0_0"/>
      <Option Name="UseBlackboxStub" Val="1"/>
    </Config>
  </FileSet>
  <FileSet Name="constrs_in" Type="BlockSrcs" RelSrcDir="$PSRCDIR/ps_clock_hdmi_out_0_0">
    <File Path="$PSRCDIR/sources_1/bd/ps_clock/ip/ps_clock_hdmi_out_0_0/ps_clock_hdmi_out_0_0.xci">
      <FileInfo>
        <Attr Name="Library" Val="xil_defaultlib"/>
        <Attr Name="ImportPath" Val="$PPRDIR/../../../../../../../../Documents/Z-Turn/project_hdmi_SSI9022A/project_hdmi_SSI9022A.srcs/sources_1/bd/ps_clock/ip/ps_clock_hdmi_out_0_0/ps_clock_hdmi_out_0_0.xci"/>
        <Attr Name="ImportTime" Val="1509013244"/>
        <Attr Name="UsedIn" Val="synthesis"/>
        <Attr Name="UsedIn" Val="implementation"/>
        <Attr Name="UsedIn" Val="simulation"/>
        <Attr Name="ProcessingOrder" Val="EARLY"/>
      </FileInfo>
    </File>
    <Config>
      <Option Name="TopModule" Val="ps_clock_hdmi_out_0_0"/>
      <Option Name="UseBlackboxStub" Val="1"/>
    </Config>
  </FileSet>
  <Strategy Version="1" Minor="2">
    <StratHandle Name="Vivado Synthesis Defaults" Flow="Vivado Synthesis 2016"/>
    <Step Id="synth_design"/>
  </Strategy>
</GenRun>
