<?xml version="1.0" encoding="UTF-8" ?>
<document>
<!--The data in this file is primarily intended for consumption by Xilinx tools.
The structure and the elements are likely to change over the next few releases.
This means code written to parse this file will need to be revisited each subsequent release.-->
<application name="pa" timeStamp="Fri Jul 20 15:21:40 2018">
<section name="Project Information" visible="false">
<property name="ProjectID" value="68ba7b7f86ff422992524b7a8f897f18" type="ProjectID"/>
<property name="ProjectIteration" value="20" type="ProjectIteration"/>
</section>
<section name="PlanAhead Usage" visible="true">
<item name="Project Data">
<property name="SrcSetCount" value="1" type="SrcSetCount"/>
<property name="ConstraintSetCount" value="1" type="ConstraintSetCount"/>
<property name="DesignMode" value="RTL" type="DesignMode"/>
<property name="SynthesisStrategy" value="Vivado Synthesis Defaults" type="SynthesisStrategy"/>
<property name="ImplStrategy" value="Vivado Implementation Defaults" type="ImplStrategy"/>
</item>
<item name="Java Command Handlers">
<property name="AddDesignTools" value="1" type="JavaHandler"/>
<property name="AddSources" value="2" type="JavaHandler"/>
<property name="ArchiveProject" value="2" type="JavaHandler"/>
<property name="AutoConnectPort" value="1" type="JavaHandler"/>
<property name="AutoConnectTarget" value="14" type="JavaHandler"/>
<property name="CloseProject" value="2" type="JavaHandler"/>
<property name="CloseServer" value="4" type="JavaHandler"/>
<property name="CloseTarget" value="5" type="JavaHandler"/>
<property name="CreateBlockDesign" value="2" type="JavaHandler"/>
<property name="CreateTopHDL" value="3" type="JavaHandler"/>
<property name="CustomizeRSBBlock" value="16" type="JavaHandler"/>
<property name="EditDelete" value="9" type="JavaHandler"/>
<property name="EditProperties" value="2" type="JavaHandler"/>
<property name="EditUndo" value="11" type="JavaHandler"/>
<property name="LaunchProgramFpga" value="11" type="JavaHandler"/>
<property name="NewExportHardware" value="7" type="JavaHandler"/>
<property name="NewLaunchHardware" value="5" type="JavaHandler"/>
<property name="NewProject" value="1" type="JavaHandler"/>
<property name="OpenBlockDesign" value="14" type="JavaHandler"/>
<property name="OpenHardwareManager" value="7" type="JavaHandler"/>
<property name="OpenRecentTarget" value="1" type="JavaHandler"/>
<property name="ProgramDevice" value="3" type="JavaHandler"/>
<property name="ProjectSettingsCmdHandler" value="11" type="JavaHandler"/>
<property name="RecustomizeCore" value="2" type="JavaHandler"/>
<property name="RefreshServer" value="1" type="JavaHandler"/>
<property name="RegenerateRSBLayout" value="3" type="JavaHandler"/>
<property name="ReportIPStatus" value="1" type="JavaHandler"/>
<property name="RunBitgen" value="12" type="JavaHandler"/>
<property name="RunImplementation" value="9" type="JavaHandler"/>
<property name="RunSynthesis" value="12" type="JavaHandler"/>
<property name="ShowView" value="5" type="JavaHandler"/>
<property name="UpgradeIP" value="1" type="JavaHandler"/>
<property name="ValidateRSBDesign" value="1" type="JavaHandler"/>
<property name="ViewTaskImplementation" value="2" type="JavaHandler"/>
<property name="ViewTaskSynthesis" value="2" type="JavaHandler"/>
<property name="ZoomOut" value="1" type="JavaHandler"/>
</item>
<item name="Gui Resources Info">
<property name="PAResourceAtoD.ArchiveProjectDialog_ARCHIVE_NAME, 2016_1_hdmi_out" value="1" type="GuiResourceData"/>
<property name="PAResourceAtoD.ArchiveProjectDialog_CHOOSE_ARCHIVE_LOCATION, (String" value="1" type="GuiResourceData"/>
<property name="PAResourceAtoD.ArchiveProjectDialog_INCLUDE_CONFIGURATION_SETTINGS, Include configuration settings, true" value="1" type="GuiResourceData"/>
<property name="PAResourceCommand.PACommandNames_ARCHIVE_PROJECT, Archive Project..." value="1" type="GuiResourceData"/>
<property name="PAResourceCommand.PACommandNames_EXPORT_HARDWARE, Export Hardware..." value="1" type="GuiResourceData"/>
<property name="PAResourceCommand.PACommandNames_LAUNCH_HARDWARE, Launch SDK" value="1" type="GuiResourceData"/>
<property name="PAResourceCommand.PACommandNames_ZOOM_OUT, System_zoom_out" value="1" type="GuiResourceData"/>
<property name="PAResourceItoN.MainMenuMgr_EXPORT, Export" value="3" type="GuiResourceData"/>
<property name="PAResourceItoN.MainMenuMgr_FILE, File" value="10" type="GuiResourceData"/>
<property name="PAResourceItoN.MainMenuMgr_OPEN_RECENT_FILE, Open Recent File" value="1" type="GuiResourceData"/>
<property name="PAResourceItoN.MainMenuMgr_OPEN_RECENT_PROJECT, Open Recent Project" value="5" type="GuiResourceData"/>
<property name="RDIResource.BaseDialog_CANCEL, Cancel" value="1" type="GuiResourceData"/>
<property name="RDIResource.BaseDialog_OK, OK" value="3" type="GuiResourceData"/>
</item>
<item name="Other">
<property name="GuiMode" value="5" type="GuiMode"/>
<property name="BatchMode" value="0" type="BatchMode"/>
<property name="TclMode" value="4" type="TclMode"/>
</item>
</section>
</application>
</document>
