<?xml version="1.0" encoding="UTF-8" ?>
<document>
<!--The data in this file is primarily intended for consumption by Xilinx tools.
The structure and the elements are likely to change over the next few releases.
This means code written to parse this file will need to be revisited each subsequent release.-->
<application name="pa" timeStamp="Thu Jul 19 18:22:28 2018">
<section name="Project Information" visible="false">
<property name="ProjectID" value="68ba7b7f86ff422992524b7a8f897f18" type="ProjectID"/>
<property name="ProjectIteration" value="16" type="ProjectIteration"/>
</section>
<section name="PlanAhead Usage" visible="true">
<item name="Project Data">
<property name="SrcSetCount" value="1" type="SrcSetCount"/>
<property name="ConstraintSetCount" value="1" type="ConstraintSetCount"/>
<property name="DesignMode" value="RTL" type="DesignMode"/>
<property name="SynthesisStrategy" value="Vivado Synthesis Defaults" type="SynthesisStrategy"/>
<property name="ImplStrategy" value="Vivado Implementation Defaults" type="ImplStrategy"/>
</item>
<item name="Java Command Handlers">
<property name="AddDesignTools" value="1" type="JavaHandler"/>
<property name="AddSources" value="2" type="JavaHandler"/>
<property name="AutoConnectPort" value="1" type="JavaHandler"/>
<property name="AutoConnectTarget" value="10" type="JavaHandler"/>
<property name="CloseProject" value="2" type="JavaHandler"/>
<property name="CloseServer" value="2" type="JavaHandler"/>
<property name="CloseTarget" value="4" type="JavaHandler"/>
<property name="CreateBlockDesign" value="2" type="JavaHandler"/>
<property name="CreateTopHDL" value="3" type="JavaHandler"/>
<property name="CustomizeRSBBlock" value="12" type="JavaHandler"/>
<property name="EditDelete" value="8" type="JavaHandler"/>
<property name="EditProperties" value="2" type="JavaHandler"/>
<property name="EditUndo" value="11" type="JavaHandler"/>
<property name="LaunchProgramFpga" value="10" type="JavaHandler"/>
<property name="NewExportHardware" value="5" type="JavaHandler"/>
<property name="NewLaunchHardware" value="3" type="JavaHandler"/>
<property name="NewProject" value="1" type="JavaHandler"/>
<property name="OpenBlockDesign" value="12" type="JavaHandler"/>
<property name="OpenHardwareManager" value="6" type="JavaHandler"/>
<property name="OpenRecentTarget" value="1" type="JavaHandler"/>
<property name="ProgramDevice" value="3" type="JavaHandler"/>
<property name="ProjectSettingsCmdHandler" value="9" type="JavaHandler"/>
<property name="RecustomizeCore" value="2" type="JavaHandler"/>
<property name="RegenerateRSBLayout" value="2" type="JavaHandler"/>
<property name="RunBitgen" value="10" type="JavaHandler"/>
<property name="RunImplementation" value="7" type="JavaHandler"/>
<property name="RunSynthesis" value="10" type="JavaHandler"/>
<property name="ShowView" value="5" type="JavaHandler"/>
<property name="ValidateRSBDesign" value="1" type="JavaHandler"/>
<property name="ViewTaskImplementation" value="2" type="JavaHandler"/>
</item>
<item name="Gui Resources Info">
<property name="CANCEL, Cancel" value="1" type="GuiResourceData"/>
<property name="PAResourceEtoH.FlowNavigatorTreePanel_FLOW_NAVIGATOR_TREE, [, Implementation, Implementation Settings], 20, false" value="1" type="GuiResourceData"/>
<property name="PAResourceEtoH.FlowNavigatorTreePanel_FLOW_NAVIGATOR_TREE, [, Synthesis, Run Synthesis], 17, false" value="1" type="GuiResourceData"/>
<property name="PAResourceEtoH.FlowNavigatorTreePanel_FLOW_NAVIGATOR_TREE, [, Synthesis, Run Synthesis], 17, false, false, false, false, true, false" value="1" type="GuiResourceData"/>
<property name="PAResourceEtoH.FlowNavigatorTreePanel_FLOW_NAVIGATOR_TREE, [, Synthesis], 15, true" value="2" type="GuiResourceData"/>
<property name="PAResourceItoN.LogMonitor_MONITOR, 181, 56" value="1" type="GuiResourceData"/>
<property name="PAResourceItoN.LogMonitor_MONITOR, 271, 44" value="1" type="GuiResourceData"/>
<property name="PAResourceQtoS.StateMonitor_CANCEL, Cancel" value="1" type="GuiResourceData"/>
</item>
<item name="Other">
<property name="GuiMode" value="3" type="GuiMode"/>
<property name="BatchMode" value="0" type="BatchMode"/>
<property name="TclMode" value="2" type="TclMode"/>
</item>
</section>
</application>
</document>
