<?xml version="1.0" encoding="UTF-8" ?>
<webTalkData  fileName='usage_statistics_ext_sdk.xml'  majorVersion='1' minorVersion='0' timeStamp='Thu Jul 19 18:17:03 2018'>
<section name="__ROOT__" level="0" order="1" description="">
 <section name="software_version_and_target_device" level="1" order="1" description="">
  <keyValuePair key="beta" value="false" description="" />
  <keyValuePair key="build_version" value="2016.1" description="" />
  <keyValuePair key="date_generated" value="Do Jul 19 18:16:53 2018" description="" />
  <keyValuePair key="os_platform" value="amd64" description="" />
  <keyValuePair key="product_version" value="SDK v2016.1" description="" />
  <keyValuePair key="project_id" value="2016.1_1" description="" />
  <keyValuePair key="project_iteration" value="1" description="" />
  <keyValuePair key="random_id" value="91u19elusbfu5d1f7eqqnmkh9c" description="" />
  <keyValuePair key="registration_id" value="" description="" />
  <keyValuePair key="route_design" value="NA" description="" />
  <keyValuePair key="target_device" value="NA" description="" />
  <keyValuePair key="target_family" value="NA" description="" />
  <keyValuePair key="target_package" value="NA" description="" />
  <keyValuePair key="target_speed" value="NA" description="" />
  <keyValuePair key="tool_flow" value="SDK" description="" />
 </section>
 <section name="user_environment" level="1" order="2" description="">
  <keyValuePair key="cpu_name" value="" description="" />
  <keyValuePair key="cpu_speed" value="" description="" />
  <keyValuePair key="os_name" value="" description="" />
  <keyValuePair key="os_release" value="" description="" />
  <keyValuePair key="system_ram" value="" description="" />
  <keyValuePair key="total_processors" value="" description="" />
 </section>
 <section name="sdk" level="1" order="3" description="">
  <section name="application/1531957560883" level="2" order="1" description="">
   <keyValuePair key="apptemplate" value="hello_world" description="" />
   <keyValuePair key="bspid" value="1531957544431" description="" />
   <keyValuePair key="hwid" value="1531957512633" description="" />
   <keyValuePair key="newbsp" value="true" description="" />
   <keyValuePair key="os" value="standalone" description="" />
   <keyValuePair key="uid" value="1531957560883" description="" />
  </section>
  <section name="application/1531957671693" level="2" order="2" description="">
   <keyValuePair key="apptemplate" value="zynq_fsbl" description="" />
   <keyValuePair key="bspid" value="1531957652141" description="" />
   <keyValuePair key="hwid" value="1531957512633" description="" />
   <keyValuePair key="newbsp" value="true" description="" />
   <keyValuePair key="os" value="standalone" description="" />
   <keyValuePair key="uid" value="1531957671693" description="" />
  </section>
  <section name="application/1531957719521" level="2" order="3" description="">
   <keyValuePair key="apptemplate" value="hello_world" description="" />
   <keyValuePair key="bspid" value="1531957652141" description="" />
   <keyValuePair key="hwid" value="1531957512633" description="" />
   <keyValuePair key="newbsp" value="false" description="" />
   <keyValuePair key="os" value="standalone" description="" />
   <keyValuePair key="uid" value="1531957719521" description="" />
  </section>
  <section name="bsp/1531957544431" level="2" order="4" description="">
   <keyValuePair key="apptemplate" value="hello_world" description="" />
   <keyValuePair key="hwid" value="1531957512633" description="" />
   <keyValuePair key="os" value="standalone" description="" />
   <keyValuePair key="uid" value="1531957544431" description="" />
  </section>
  <section name="bsp/1531957652141" level="2" order="5" description="">
   <keyValuePair key="apptemplate" value="zynq_fsbl" description="" />
   <keyValuePair key="hwid" value="1531957512633" description="" />
   <keyValuePair key="os" value="standalone" description="" />
   <keyValuePair key="uid" value="1531957652141" description="" />
  </section>
  <section name="hardware/1531957512633" level="2" order="6" description="">
   <keyValuePair key="arch" value="zynq" description="" />
   <keyValuePair key="device" value="7z020" description="" />
   <keyValuePair key="ishandoff" value="true" description="" />
   <keyValuePair key="iszynq" value="true" description="" />
   <keyValuePair key="processors" value="2" description="" />
   <keyValuePair key="uid" value="1531957512633" description="" />
   <keyValuePair key="vivadoversion" value="2016.1" description="" />
  </section>
 </section>
 <section name="vivado_usage" level="1" order="4" description="">
 </section>
</section>
</webTalkData>
